產生時間,epoch,時段,分頁,到期日,行情時間,非今日行情,標的,買權側分數,買權側主導,買權側口數,賣權側分數,賣權側主導,賣權側口數,象限,結論,上緣,上緣來源,下緣,下緣來源,陣地位移
2026-08-22 15:18:43,1787383123,夜盤,週三結算,20260826,08/21 04:59:58,Y,45074,-1.26,中性,31764,-0.90,中性,33160,flat,觀望,46000,盤中,44000,盤中,
2026-08-22 15:18:43,1787383123,夜盤,週五結算,20260828,08/21 04:45:15,Y,45074,,不判定,0,,不判定,0,flat,觀望,46500,昨日OI,44900,昨日OI,
2026-08-24 08:47:24,1787532444,日盤,週三結算,20260826,08:47:19,,45062,,不判定,0,,不判定,0,flat,觀望,45500,盤中,44100,盤中,買權陣地下移 500 點（偏空）
2026-08-24 08:47:24,1787532444,日盤,週五結算,20260828,08:45:00,,45062,,不判定,0,,不判定,0,flat,觀望,46500,昨日OI,44900,昨日OI,
2026-08-24 08:47:24,1787532444,日盤,下週三結算,20260916,08:46:55,,45062,,不判定,0,,不判定,0,flat,觀望,45600,昨日OI,45000,昨日OI,
2026-08-24 08:55:33,1787532933,日盤,週三結算,20260826,08:55:29,,45105,-1.79,中性,2937,1.77,中性,4567,flat,觀望,45500,盤中,44000,盤中,買權陣地下移 500 點（偏空）
2026-08-24 08:55:33,1787532933,日盤,週五結算,20260828,08:55:06,,45105,,不判定,0,,不判定,0,flat,觀望,46500,昨日OI,44900,昨日OI,
2026-08-24 08:55:33,1787532933,日盤,下週三結算,20260902,08:55:28,,45105,,不判定,0,,不判定,0,flat,觀望,45200,昨日OI,43700,昨日OI,
2026-08-24 10:20:14,1787538014,日盤,週三結算,20260826,10:20:06,,44998,0.00,中性,24431,0.87,中性,22803,flat,觀望,46000,盤中,44000,盤中,
2026-08-24 10:20:14,1787538014,日盤,週五結算,20260828,10:19:45,,44998,,不判定,0,,不判定,0,flat,觀望,46000,昨日OI,44900,昨日OI,
2026-08-24 10:20:14,1787538014,日盤,下週三結算,20260902,10:20:00,,44998,,不判定,0,,不判定,0,flat,觀望,45200,昨日OI,43700,昨日OI,
2026-08-24 11:30:18,1787542218,日盤,週三結算,20260826,11:30:11,,44895,0.36,中性,28916,-0.43,中性,26988,flat,觀望,46000,盤中,44000,盤中,
2026-08-24 11:30:18,1787542218,日盤,週五結算,20260828,11:30:04,,44895,,不判定,0,,不判定,0,flat,觀望,46000,昨日OI,44100,昨日OI,
2026-08-24 11:30:18,1787542218,日盤,下週三結算,20260902,11:30:04,,44895,,不判定,0,,不判定,0,flat,觀望,45200,昨日OI,43700,昨日OI,
2026-08-24 12:21:44,1787545304,日盤,週三結算,20260826,12:21:40,,44947,-0.28,中性,33207,1.10,中性,30218,flat,觀望,46000,盤中,44000,盤中,
2026-08-24 12:21:44,1787545304,日盤,週五結算,20260828,12:21:26,,44947,,不判定,0,,不判定,0,flat,觀望,46000,昨日OI,44900,昨日OI,
2026-08-24 12:21:44,1787545304,日盤,下週三結算,20260902,12:19:15,,44947,,不判定,0,,不判定,0,flat,觀望,45200,昨日OI,43700,昨日OI,
2026-08-24 13:09:58,1787548198,日盤,週三結算,20260826,13:09:54,,44829,0.93,中性,36777,-0.31,中性,31267,flat,觀望,46000,盤中,44000,盤中,
2026-08-24 13:09:58,1787548198,日盤,週五結算,20260828,13:09:53,,44829,,不判定,0,,不判定,0,flat,觀望,46000,昨日OI,44100,昨日OI,
2026-08-24 13:09:58,1787548198,日盤,下週三結算,20260902,13:09:05,,44829,,不判定,0,,不判定,0,flat,觀望,45200,昨日OI,43700,昨日OI,
2026-08-24 13:52:07,1787550727,非交易,週三結算,20260826,13:44:59,,44762,-0.21,中性,46318,-0.57,中性,35337,flat,觀望,46000,盤中,44000,盤中,
2026-08-24 13:52:07,1787550727,非交易,週五結算,20260828,13:44:56,,44762,,不判定,0,,不判定,0,flat,觀望,46000,昨日OI,44100,昨日OI,
2026-08-24 13:52:07,1787550727,非交易,下週三結算,20260902,13:44:18,,44762,,不判定,0,,不判定,0,flat,觀望,45200,昨日OI,43700,昨日OI,
2026-08-24 15:07:22,1787555242,夜盤,週三結算,20260826,15:07:02,,44729,,不判定,0,,不判定,391,flat,觀望,45750,盤中,44100,盤中,買權陣地下移 250 點（偏空）
2026-08-24 15:07:22,1787555242,夜盤,週五結算,20260828,15:00:00,,44729,,不判定,0,,不判定,0,flat,觀望,46000,昨日OI,44000,昨日OI,
2026-08-24 15:07:22,1787555242,夜盤,下週三結算,20260902,15:06:34,,44729,,不判定,0,,不判定,0,flat,觀望,45200,昨日OI,44000,昨日OI,
2026-08-24 16:00:02,1787558402,夜盤,週三結算,20260826,15:59:58,,44649,-0.32,中性,7094,0.12,中性,12794,flat,觀望,45000,盤中,44000,盤中,"買權陣地下移 1,000 點（偏空）"
2026-08-24 16:00:02,1787558402,夜盤,週五結算,20260828,15:59:26,,44649,,不判定,0,,不判定,0,flat,觀望,46000,昨日OI,44000,昨日OI,
2026-08-24 16:00:02,1787558402,夜盤,下週三結算,20260902,15:55:55,,44649,,不判定,0,,不判定,0,flat,觀望,45200,昨日OI,44000,昨日OI,
2026-08-24 16:58:25,1787561905,夜盤,週三結算,20260826,16:58:15,,44777,-0.46,中性,12023,0.11,中性,26596,flat,觀望,45000,盤中,44000,盤中,"買權陣地下移 1,000 點（偏空）"
2026-08-24 16:58:25,1787561905,夜盤,週五結算,20260828,16:57:52,,44777,,不判定,0,,不判定,0,flat,觀望,46000,昨日OI,44000,昨日OI,
2026-08-24 16:58:25,1787561905,夜盤,下週三結算,20260902,16:57:52,,44777,,不判定,0,,不判定,0,flat,觀望,45200,昨日OI,44000,昨日OI,
2026-08-24 17:56:18,1787565378,夜盤,週三結算,20260826,17:56:11,,44854,-0.15,中性,12851,-0.33,中性,29773,flat,觀望,45000,盤中,44000,盤中,"買權陣地下移 1,000 點（偏空）"
2026-08-24 17:56:18,1787565378,夜盤,週五結算,20260828,17:54:37,,44854,,不判定,0,,不判定,0,flat,觀望,46000,昨日OI,44000,昨日OI,
2026-08-24 17:56:18,1787565378,夜盤,下週三結算,20260902,17:54:25,,44854,,不判定,0,,不判定,0,flat,觀望,45200,昨日OI,44000,昨日OI,
2026-08-24 18:41:08,1787568068,夜盤,週三結算,20260826,18:41:03,,44825,0.44,中性,14409,-0.35,中性,30778,flat,觀望,45000,盤中,44000,盤中,"買權陣地下移 1,000 點（偏空）"
2026-08-24 18:41:08,1787568068,夜盤,週五結算,20260828,18:38:32,,44825,,不判定,0,,不判定,0,flat,觀望,46000,昨日OI,44000,昨日OI,
2026-08-24 18:41:08,1787568068,夜盤,下週三結算,20260902,18:38:05,,44825,,不判定,0,,不判定,0,flat,觀望,45200,昨日OI,44000,昨日OI,
2026-08-24 19:12:36,1787569956,夜盤,週三結算,20260826,19:12:26,,44762,-0.21,中性,15804,0.40,中性,31733,flat,觀望,45000,盤中,44000,盤中,"買權陣地下移 1,000 點（偏空）"
2026-08-24 19:12:36,1787569956,夜盤,週五結算,20260828,19:09:18,,44762,,不判定,0,,不判定,0,flat,觀望,46000,昨日OI,44000,昨日OI,
2026-08-24 19:12:36,1787569956,夜盤,下週三結算,20260902,19:11:39,,44762,,不判定,0,,不判定,0,flat,觀望,45200,昨日OI,44000,昨日OI,
2026-08-24 19:45:21,1787571921,夜盤,週三結算,20260826,19:45:17,,44918,-0.88,中性,15785,0.42,中性,34415,flat,觀望,45000,盤中,44000,盤中,"買權陣地下移 1,000 點（偏空）"
2026-08-24 19:45:21,1787571921,夜盤,週五結算,20260828,19:45:15,,44918,,不判定,0,,不判定,0,flat,觀望,46000,昨日OI,44000,昨日OI,
2026-08-24 19:45:21,1787571921,夜盤,下週三結算,20260902,19:40:42,,44918,,不判定,0,,不判定,0,flat,觀望,45200,昨日OI,44000,昨日OI,
2026-08-24 20:15:55,1787573755,夜盤,週三結算,20260826,20:15:51,,44879,-0.47,中性,17703,0.13,中性,35643,flat,觀望,45000,盤中,44000,盤中,"買權陣地下移 1,000 點（偏空）"
2026-08-24 20:15:55,1787573755,夜盤,週五結算,20260828,20:06:48,,44879,,不判定,0,,不判定,0,flat,觀望,46000,昨日OI,44000,昨日OI,
2026-08-24 20:15:55,1787573755,夜盤,下週三結算,20260902,20:14:50,,44879,,不判定,0,,不判定,0,flat,觀望,45200,昨日OI,44000,昨日OI,
2026-08-24 21:17:54,1787577474,夜盤,週三結算,20260826,21:17:47,,44801,1.80,中性,20445,0.28,中性,37315,flat,觀望,45000,盤中,44000,盤中,"買權陣地下移 1,000 點（偏空）"
2026-08-24 21:17:54,1787577474,夜盤,週五結算,20260828,21:17:33,,44801,,不判定,0,,不判定,0,flat,觀望,46000,昨日OI,44000,昨日OI,
2026-08-24 21:17:54,1787577474,夜盤,下週三結算,20260902,21:17:23,,44801,,不判定,0,,不判定,0,flat,觀望,45200,昨日OI,44000,昨日OI,
2026-08-24 22:11:37,1787580697,夜盤,週三結算,20260826,22:11:35,,44345,-0.08,中性,32516,-0.18,中性,36444,flat,觀望,45000,盤中,44000,盤中,"買權陣地下移 800 點（偏空）；支撐上移 1,000 點（偏多）"
2026-08-24 22:11:37,1787580697,夜盤,週五結算,20260828,22:11:33,,44345,,不判定,0,,不判定,0,flat,觀望,45000,昨日OI,44000,昨日OI,
2026-08-24 22:11:37,1787580697,夜盤,下週三結算,20260902,22:11:32,,44345,,不判定,0,,不判定,0,flat,觀望,45200,昨日OI,43000,昨日OI,
2026-08-24 23:02:11,1787583731,夜盤,週三結算,20260826,23:02:07,,44331,-0.45,中性,37761,2.29,BP,40402,flat,觀望,45000,盤中,44000,盤中,"買權陣地下移 800 點（偏空）；支撐上移 1,000 點（偏多）"
2026-08-24 23:02:11,1787583731,夜盤,週五結算,20260828,23:01:48,,44331,,不判定,0,,不判定,0,flat,觀望,45000,昨日OI,44000,昨日OI,
2026-08-24 23:02:11,1787583731,夜盤,下週三結算,20260902,23:02:00,,44331,,不判定,0,,不判定,0,flat,觀望,45200,昨日OI,43000,昨日OI,
2026-08-24 23:50:41,1787586641,夜盤,週三結算,20260826,23:50:37,,44575,-0.12,中性,44235,1.82,中性,56029,flat,觀望,45000,盤中,44000,盤中,"買權陣地下移 1,000 點（偏空）"
2026-08-24 23:50:41,1787586641,夜盤,週五結算,20260828,23:50:28,,44575,,不判定,0,,不判定,0,flat,觀望,45400,盤中,44000,昨日OI,買權陣地下移 600 點（偏空）
2026-08-24 23:50:41,1787586641,夜盤,下週三結算,20260902,23:49:20,,44575,,不判定,0,,不判定,0,flat,觀望,45200,昨日OI,44000,昨日OI,
2026-08-25 00:42:59,1787589779,夜盤,週三結算,20260826,08/24 00:42:51,Y,44530,-0.49,中性,46508,-0.30,中性,56991,flat,觀望,45000,盤中,44000,盤中,"買權陣地下移 1,000 點（偏空）"
2026-08-25 00:42:59,1787589779,夜盤,週五結算,20260828,08/24 00:41:39,Y,44530,,不判定,0,,不判定,0,flat,觀望,45400,盤中,44000,昨日OI,買權陣地下移 600 點（偏空）
2026-08-25 00:42:59,1787589779,夜盤,下週三結算,20260902,08/24 23:57:10,Y,44530,,不判定,0,,不判定,0,flat,觀望,45200,昨日OI,44000,昨日OI,
2026-08-25 01:17:19,1787591839,夜盤,週三結算,20260826,08/24 01:17:13,Y,44568,0.25,中性,46641,2.65,BP,58619,flat,觀望,45000,盤中,44000,盤中,"買權陣地下移 1,000 點（偏空）"
2026-08-25 01:17:19,1787591839,夜盤,週五結算,20260828,08/24 01:15:14,Y,44568,,不判定,0,,不判定,0,flat,觀望,45400,盤中,44000,昨日OI,買權陣地下移 600 點（偏空）
2026-08-25 01:17:19,1787591839,夜盤,下週三結算,20260902,08/24 01:09:37,Y,44568,,不判定,0,,不判定,0,flat,觀望,45200,昨日OI,44000,昨日OI,
2026-08-25 01:59:17,1787594357,夜盤,週三結算,20260826,08/24 01:59:11,Y,44468,0.59,中性,47656,-0.77,中性,55801,flat,觀望,45000,盤中,44000,盤中,"買權陣地下移 800 點（偏空）；支撐上移 1,000 點（偏多）"
2026-08-25 01:59:17,1787594357,夜盤,週五結算,20260828,08/24 01:38:31,Y,44468,,不判定,0,,不判定,0,flat,觀望,45400,盤中,44000,昨日OI,買權陣地上移 400 點（偏多）
2026-08-25 01:59:17,1787594357,夜盤,下週三結算,20260902,08/24 01:18:38,Y,44468,,不判定,0,,不判定,0,flat,觀望,45200,昨日OI,43000,昨日OI,
2026-08-25 02:52:14,1787597534,夜盤,週三結算,20260826,08/24 02:51:54,Y,44604,-0.14,中性,46724,0.61,中性,61765,flat,觀望,45000,盤中,44000,盤中,"買權陣地下移 1,000 點（偏空）"
2026-08-25 02:52:14,1787597534,夜盤,週五結算,20260828,08/24 02:36:18,Y,44604,,不判定,0,,不判定,0,flat,觀望,45400,盤中,44000,昨日OI,買權陣地下移 600 點（偏空）
2026-08-25 02:52:14,1787597534,夜盤,下週三結算,20260902,08/24 02:30:24,Y,44604,,不判定,0,,不判定,0,flat,觀望,45200,昨日OI,44000,昨日OI,
2026-08-25 03:33:17,1787599997,夜盤,週三結算,20260826,08/24 03:33:04,Y,44576,-0.36,中性,48084,1.78,中性,59948,flat,觀望,45000,盤中,44000,盤中,"買權陣地下移 1,000 點（偏空）"
2026-08-25 03:33:17,1787599997,夜盤,週五結算,20260828,08/24 03:21:03,Y,44576,,不判定,0,,不判定,0,flat,觀望,45400,盤中,44000,昨日OI,買權陣地下移 600 點（偏空）
2026-08-25 03:33:17,1787599997,夜盤,下週三結算,20260902,08/24 02:30:24,Y,44576,,不判定,0,,不判定,0,flat,觀望,45200,昨日OI,44000,昨日OI,
2026-08-25 04:03:52,1787601832,夜盤,週三結算,20260826,08/24 04:02:29,Y,44506,-0.28,中性,48911,1.16,中性,59013,flat,觀望,45000,盤中,44000,盤中,"買權陣地下移 1,000 點（偏空）"
2026-08-25 04:03:52,1787601832,夜盤,週五結算,20260828,08/24 03:54:15,Y,44506,,不判定,0,,不判定,0,flat,觀望,45400,盤中,44000,昨日OI,買權陣地下移 600 點（偏空）
2026-08-25 04:03:52,1787601832,夜盤,下週三結算,20260902,08/24 02:30:24,Y,44506,,不判定,0,,不判定,0,flat,觀望,45200,昨日OI,44000,昨日OI,
2026-08-25 04:49:35,1787604575,夜盤,週三結算,20260826,08/24 04:49:16,Y,44521,1.62,中性,49129,1.42,中性,59209,flat,觀望,45000,盤中,44000,盤中,"買權陣地下移 1,000 點（偏空）"
2026-08-25 04:49:35,1787604575,夜盤,週五結算,20260828,08/24 03:54:15,Y,44521,,不判定,0,,不判定,0,flat,觀望,45400,盤中,44000,昨日OI,買權陣地下移 600 點（偏空）
2026-08-25 04:49:35,1787604575,夜盤,下週三結算,20260902,08/24 02:30:24,Y,44521,,不判定,0,,不判定,0,flat,觀望,45200,昨日OI,44000,昨日OI,
2026-08-25 05:33:49,1787607229,非交易,週三結算,20260826,08/24 04:59:57,Y,44532,2.53,中性,49276,1.00,中性,59283,flat,觀望,45000,盤中,44000,盤中,"買權陣地下移 1,000 點（偏空）"
2026-08-25 05:33:49,1787607229,非交易,週五結算,20260828,08/24 04:50:15,Y,44532,,不判定,0,,不判定,0,flat,觀望,45400,盤中,44000,昨日OI,買權陣地下移 600 點（偏空）
2026-08-25 05:33:49,1787607229,非交易,下週三結算,20260902,08/24 04:53:22,Y,44532,,不判定,0,,不判定,0,flat,觀望,45200,昨日OI,44000,昨日OI,
2026-08-25 06:02:31,1787608951,非交易,週三結算,20260826,08/24 04:59:57,Y,44532,2.53,中性,49276,1.00,中性,59283,flat,觀望,45000,盤中,44000,盤中,"買權陣地下移 1,000 點（偏空）"
2026-08-25 06:02:31,1787608951,非交易,週五結算,20260828,08/24 04:50:15,Y,44532,,不判定,0,,不判定,0,flat,觀望,45400,盤中,44000,昨日OI,買權陣地下移 600 點（偏空）
2026-08-25 06:02:31,1787608951,非交易,下週三結算,20260902,08/24 04:53:22,Y,44532,,不判定,0,,不判定,0,flat,觀望,45200,昨日OI,44000,昨日OI,
2026-08-25 08:55:13,1787619313,日盤,週三結算,20260826,08:55:08,,44446,1.82,中性,3398,2.60,中性,2430,flat,觀望,45000,盤中,44000,盤中,"買權陣地下移 800 點（偏空）；支撐上移 1,000 點（偏多）"
2026-08-25 08:55:13,1787619313,日盤,週五結算,20260828,08:52:55,,44446,,不判定,0,,不判定,0,flat,觀望,45000,昨日OI,44000,昨日OI,
2026-08-25 08:55:13,1787619313,日盤,下週三結算,20260902,08:52:02,,44446,,不判定,0,,不判定,0,flat,觀望,45200,昨日OI,43000,昨日OI,
2026-08-25 10:15:26,1787624126,日盤,週三結算,20260826,10:15:21,,44337,3.68,BC,30058,3.91,中性,26790,flat,觀望,45000,盤中,44000,盤中,"買權陣地下移 800 點（偏空）；支撐上移 1,000 點（偏多）"
2026-08-25 10:15:26,1787624126,日盤,週五結算,20260828,10:15:19,,44337,,不判定,0,,不判定,0,flat,觀望,45000,昨日OI,44000,昨日OI,
2026-08-25 10:15:26,1787624126,日盤,下週三結算,20260902,10:15:09,,44337,,不判定,0,,不判定,0,flat,觀望,45200,昨日OI,43000,昨日OI,
2026-08-25 11:13:28,1787627608,日盤,週三結算,20260826,11:13:20,,44359,3.72,BC,38829,3.61,中性,36125,flat,觀望,45000,盤中,44000,盤中,"買權陣地下移 800 點（偏空）；支撐上移 1,000 點（偏多）"
2026-08-25 11:13:28,1787627608,日盤,週五結算,20260828,11:12:51,,44359,,不判定,0,,不判定,0,flat,觀望,45700,盤中,44000,昨日OI,買權陣地上移 700 點（偏多）
2026-08-25 11:13:28,1787627608,日盤,下週三結算,20260902,11:12:26,,44359,,不判定,0,,不判定,0,flat,觀望,45200,昨日OI,43000,昨日OI,
2026-08-25 11:58:49,1787630329,日盤,週三結算,20260826,11:58:46,,44426,2.45,中性,45555,6.67,中性,45433,flat,觀望,45000,盤中,44000,盤中,"買權陣地下移 800 點（偏空）；支撐上移 1,000 點（偏多）"
2026-08-25 11:58:49,1787630329,日盤,週五結算,20260828,11:58:41,,44426,0.76,中性,638,,不判定,0,flat,觀望,45700,盤中,44000,昨日OI,買權陣地上移 700 點（偏多）
2026-08-25 11:58:49,1787630329,日盤,下週三結算,20260902,11:58:39,,44426,,不判定,0,,不判定,0,flat,觀望,45200,昨日OI,43000,昨日OI,
2026-08-25 12:36:42,1787632602,日盤,週三結算,20260826,12:36:38,,44721,1.07,中性,37970,0.36,中性,55923,flat,觀望,45000,盤中,44000,盤中,"買權陣地下移 1,000 點（偏空）"
2026-08-25 12:36:42,1787632602,日盤,週五結算,20260828,12:36:36,,44721,2.05,中性,1053,,不判定,0,flat,觀望,46000,盤中,44000,昨日OI,
2026-08-25 12:36:42,1787632602,日盤,下週三結算,20260902,12:34:52,,44721,,不判定,0,,不判定,0,flat,觀望,45200,昨日OI,44000,昨日OI,
2026-08-25 13:17:04,1787635024,日盤,週三結算,20260826,13:16:56,,44972,1.29,中性,35537,-0.04,中性,67183,flat,觀望,45000,盤中,44000,盤中,"買權陣地下移 1,000 點（偏空）"
2026-08-25 13:17:04,1787635024,日盤,週五結算,20260828,13:16:56,,44972,-0.50,中性,1820,,不判定,0,flat,觀望,45300,盤中,44000,盤中,買權陣地下移 700 點（偏空）
2026-08-25 13:17:04,1787635024,日盤,下週三結算,20260902,13:16:56,,44972,,不判定,0,,不判定,0,flat,觀望,45200,昨日OI,44000,昨日OI,
2026-08-25 13:49:08,1787636948,非交易,週三結算,20260826,13:44:59,,45027,-1.31,中性,33430,1.03,中性,74649,flat,觀望,45100,盤中,44000,盤中,買權陣地下移 900 點（偏空）
2026-08-25 13:49:08,1787636948,非交易,週五結算,20260828,13:44:58,,45027,0.60,中性,1976,,不判定,0,flat,觀望,45300,盤中,44000,盤中,買權陣地下移 700 點（偏空）
2026-08-25 13:49:08,1787636948,非交易,下週三結算,20260902,13:44:46,,45027,,不判定,307,,不判定,0,flat,觀望,46000,盤中,45000,昨日OI,買權陣地上移 800 點（偏多）
2026-08-25 15:49:08,1787644148,夜盤,週三結算,20260826,15:49:00,,45096,0.89,中性,6715,0.63,中性,8433,flat,觀望,45500,盤中,45000,盤中,"買權陣地下移 500 點（偏空）；支撐上移 1,000 點（偏多）"
2026-08-25 15:49:08,1787644148,夜盤,週五結算,20260828,15:47:56,,45096,,不判定,0,,不判定,0,flat,觀望,45300,昨日OI,44000,昨日OI,
2026-08-25 15:49:08,1787644148,夜盤,下週三結算,20260902,15:48:32,,45096,,不判定,0,,不判定,0,flat,觀望,46200,昨日OI,45000,昨日OI,
2026-08-25 16:49:32,1787647772,夜盤,週三結算,20260826,16:49:26,,45176,0.09,中性,11493,-0.02,中性,16833,flat,觀望,45500,盤中,45000,盤中,"買權陣地下移 500 點（偏空）；支撐上移 1,000 點（偏多）"
2026-08-25 16:49:32,1787647772,夜盤,週五結算,20260828,16:49:15,,45176,,不判定,0,,不判定,0,flat,觀望,45300,昨日OI,44000,昨日OI,
2026-08-25 16:49:32,1787647772,夜盤,下週三結算,20260902,16:48:08,,45176,,不判定,0,,不判定,0,flat,觀望,46200,昨日OI,45000,昨日OI,
2026-08-25 17:39:52,1787650792,夜盤,週三結算,20260826,17:39:48,,45234,0.83,中性,14137,1.04,中性,23023,flat,觀望,45500,盤中,45000,盤中,"買權陣地下移 500 點（偏空）；支撐上移 1,000 點（偏多）"
2026-08-25 17:39:52,1787650792,夜盤,週五結算,20260828,17:39:48,,45234,,不判定,0,,不判定,0,flat,觀望,45300,昨日OI,44000,昨日OI,
2026-08-25 17:39:52,1787650792,夜盤,下週三結算,20260902,17:39:25,,45234,,不判定,0,,不判定,0,flat,觀望,46200,昨日OI,45000,昨日OI,
2026-08-25 18:13:47,1787652827,夜盤,週三結算,20260826,18:13:43,,45263,0.04,中性,16680,0.29,中性,26253,flat,觀望,45500,盤中,45000,盤中,"買權陣地下移 500 點（偏空）；支撐上移 1,000 點（偏多）"
2026-08-25 18:13:47,1787652827,夜盤,週五結算,20260828,18:13:37,,45263,,不判定,0,,不判定,0,flat,觀望,46000,盤中,44000,昨日OI,買權陣地上移 700 點（偏多）
2026-08-25 18:13:47,1787652827,夜盤,下週三結算,20260902,18:13:30,,45263,,不判定,0,,不判定,0,flat,觀望,46200,昨日OI,45000,昨日OI,
2026-08-25 18:51:59,1787655119,夜盤,週三結算,20260826,18:51:48,,45261,-0.07,中性,18129,0.59,中性,27616,flat,觀望,45500,盤中,45000,盤中,"買權陣地下移 500 點（偏空）；支撐上移 1,000 點（偏多）"
2026-08-25 18:51:59,1787655119,夜盤,週五結算,20260828,18:50:59,,45261,,不判定,0,,不判定,0,flat,觀望,46000,盤中,44000,昨日OI,買權陣地上移 700 點（偏多）
2026-08-25 18:51:59,1787655119,夜盤,下週三結算,20260902,18:51:20,,45261,,不判定,0,,不判定,0,flat,觀望,46200,昨日OI,45000,昨日OI,
2026-08-25 19:32:47,1787657567,夜盤,週三結算,20260826,19:32:43,,45222,0.57,中性,20868,-0.15,中性,29960,flat,觀望,45500,盤中,45000,盤中,"買權陣地下移 500 點（偏空）；支撐上移 1,000 點（偏多）"
2026-08-25 19:32:47,1787657567,夜盤,週五結算,20260828,19:30:20,,45222,,不判定,0,,不判定,0,flat,觀望,46000,盤中,44000,昨日OI,買權陣地上移 700 點（偏多）
2026-08-25 19:32:47,1787657567,夜盤,下週三結算,20260902,19:32:33,,45222,,不判定,0,,不判定,0,flat,觀望,46200,昨日OI,45000,昨日OI,
2026-08-25 20:04:41,1787659481,夜盤,週三結算,20260826,20:04:37,,45295,0.31,中性,21391,0.08,中性,31574,flat,觀望,45500,盤中,45000,盤中,"買權陣地下移 500 點（偏空）；支撐上移 1,000 點（偏多）"
2026-08-25 20:04:41,1787659481,夜盤,週五結算,20260828,20:04:35,,45295,,不判定,0,,不判定,0,flat,觀望,46000,盤中,44000,昨日OI,買權陣地上移 700 點（偏多）
2026-08-25 20:04:41,1787659481,夜盤,下週三結算,20260902,20:04:30,,45295,,不判定,0,,不判定,0,flat,觀望,46200,昨日OI,45000,昨日OI,
2026-08-25 21:12:59,1787663579,夜盤,週三結算,20260826,21:12:54,,45246,-1.37,中性,25840,0.09,中性,35362,flat,觀望,45500,盤中,45000,盤中,"買權陣地下移 500 點（偏空）；支撐上移 1,000 點（偏多）"
2026-08-25 21:12:59,1787663579,夜盤,週五結算,20260828,21:12:36,,45246,,不判定,0,,不判定,0,flat,觀望,46000,盤中,44000,昨日OI,買權陣地上移 700 點（偏多）
2026-08-25 21:12:59,1787663579,夜盤,下週三結算,20260902,21:09:23,,45246,,不判定,0,,不判定,0,flat,觀望,46200,昨日OI,45000,昨日OI,
2026-08-25 22:06:11,1787666771,夜盤,週三結算,20260826,22:06:07,,45266,1.82,中性,33629,-0.30,中性,45722,flat,觀望,45500,盤中,45000,盤中,"買權陣地下移 500 點（偏空）；支撐上移 1,000 點（偏多）"
2026-08-25 22:06:11,1787666771,夜盤,週五結算,20260828,22:06:05,,45266,-0.59,中性,660,,不判定,0,flat,觀望,46000,盤中,44000,盤中,買權陣地上移 700 點（偏多）
2026-08-25 22:06:11,1787666771,夜盤,下週三結算,20260902,22:05:49,,45266,,不判定,0,,不判定,0,flat,觀望,46200,昨日OI,45000,昨日OI,
2026-08-25 23:07:06,1787670426,夜盤,週三結算,20260826,23:07:02,,45266,3.95,中性,40914,3.61,BP,54280,flat,觀望,45500,盤中,45000,盤中,"買權陣地下移 500 點（偏空）；支撐上移 1,000 點（偏多）"
2026-08-25 23:07:06,1787670426,夜盤,週五結算,20260828,23:06:40,,45266,-1.50,中性,784,,不判定,381,flat,觀望,46000,盤中,44000,盤中,買權陣地上移 700 點（偏多）
2026-08-25 23:07:06,1787670426,夜盤,下週三結算,20260902,22:58:03,,45266,,不判定,0,,不判定,0,flat,觀望,46200,昨日OI,45000,昨日OI,
2026-08-26 00:01:49,1787673709,夜盤,週三結算,20260826,08/25 00:01:45,Y,45288,7.70,中性,44922,4.97,BP,59907,flat,觀望,45500,盤中,45000,盤中,"買權陣地下移 500 點（偏空）；支撐上移 1,000 點（偏多）"
2026-08-26 00:01:49,1787673709,夜盤,週五結算,20260828,08/25 00:00:06,Y,45288,2.58,中性,952,,不判定,399,flat,觀望,46000,盤中,44000,盤中,買權陣地上移 700 點（偏多）
2026-08-26 00:01:49,1787673709,夜盤,下週三結算,20260902,08/25 23:55:42,Y,45288,,不判定,0,,不判定,0,flat,觀望,46200,昨日OI,45000,昨日OI,
2026-08-26 00:49:48,1787676588,夜盤,週三結算,20260826,08/25 00:49:35,Y,45302,7.66,中性,41327,3.73,中性,65111,flat,觀望,45500,盤中,45000,盤中,"買權陣地下移 500 點（偏空）；支撐上移 1,000 點（偏多）"
2026-08-26 00:49:48,1787676588,夜盤,週五結算,20260828,08/25 00:48:25,Y,45302,-0.63,中性,1018,-1.83,中性,500,flat,觀望,46000,盤中,44000,盤中,
2026-08-26 00:49:48,1787676588,夜盤,下週三結算,20260902,08/25 00:49:41,Y,45302,,不判定,0,,不判定,0,flat,觀望,46200,昨日OI,45000,昨日OI,
2026-08-26 01:35:14,1787679314,夜盤,週三結算,20260826,08/25 01:35:09,Y,45292,3.66,中性,48104,5.61,BP,65167,flat,觀望,45500,盤中,45000,盤中,"買權陣地下移 500 點（偏空）；支撐上移 1,000 點（偏多）"
2026-08-26 01:35:14,1787679314,夜盤,週五結算,20260828,08/25 01:33:34,Y,45292,-1.24,中性,980,-5.41,SP,504,flat,觀望,46000,盤中,44000,盤中,買權陣地上移 700 點（偏多）
2026-08-26 01:35:14,1787679314,夜盤,下週三結算,20260902,08/25 01:14:02,Y,45292,,不判定,0,,不判定,0,flat,觀望,46200,昨日OI,45000,昨日OI,
2026-08-26 02:05:51,1787681151,夜盤,週三結算,20260826,08/25 02:05:45,Y,45286,8.34,中性,48494,4.13,BP,65797,flat,觀望,45500,盤中,45000,盤中,"買權陣地下移 500 點（偏空）；支撐上移 1,000 點（偏多）"
2026-08-26 02:05:51,1787681151,夜盤,週五結算,20260828,08/25 02:05:15,Y,45286,-1.26,中性,986,-5.41,SP,504,flat,觀望,46000,盤中,44000,盤中,買權陣地上移 700 點（偏多）
2026-08-26 02:05:51,1787681151,夜盤,下週三結算,20260902,08/25 02:03:26,Y,45286,,不判定,0,,不判定,0,flat,觀望,46200,昨日OI,45000,昨日OI,
2026-08-26 02:58:50,1787684330,夜盤,週三結算,20260826,08/25 02:58:44,Y,45352,2.19,中性,40873,2.76,BP,68958,flat,觀望,45500,盤中,45000,盤中,"買權陣地下移 500 點（偏空）；支撐上移 1,000 點（偏多）"
2026-08-26 02:58:50,1787684330,夜盤,週五結算,20260828,08/25 02:57:20,Y,45352,1.15,中性,1099,-3.93,中性,507,flat,觀望,46000,盤中,44000,盤中,
2026-08-26 02:58:50,1787684330,夜盤,下週三結算,20260902,08/25 02:03:26,Y,45352,,不判定,0,,不判定,0,flat,觀望,46200,昨日OI,45000,昨日OI,
2026-08-26 03:38:37,1787686717,夜盤,週三結算,20260826,08/25 03:38:05,Y,45332,4.30,中性,43572,4.55,BP,69497,flat,觀望,45500,盤中,45000,盤中,"買權陣地下移 500 點（偏空）；支撐上移 1,000 點（偏多）"
2026-08-26 03:38:37,1787686717,夜盤,週五結算,20260828,08/25 03:29:05,Y,45332,3.65,中性,1104,-1.79,中性,510,flat,觀望,46000,盤中,44000,盤中,
2026-08-26 03:38:37,1787686717,夜盤,下週三結算,20260902,08/25 03:35:06,Y,45332,,不判定,0,,不判定,0,flat,觀望,46200,昨日OI,45000,昨日OI,
2026-08-26 04:02:56,1787688176,夜盤,週三結算,20260826,08/25 04:02:46,Y,45372,5.32,中性,41262,3.85,BP,70128,flat,觀望,45500,盤中,45000,盤中,"買權陣地下移 500 點（偏空）；支撐上移 1,000 點（偏多）"
2026-08-26 04:02:56,1787688176,夜盤,週五結算,20260828,08/25 03:55:56,Y,45372,2.95,中性,1105,-3.12,中性,511,flat,觀望,46000,盤中,44000,盤中,
2026-08-26 04:02:56,1787688176,夜盤,下週三結算,20260902,08/25 03:53:41,Y,45372,,不判定,0,,不判定,0,flat,觀望,46200,昨日OI,45000,昨日OI,
2026-08-26 04:47:49,1787690869,夜盤,週三結算,20260826,08/25 04:47:36,Y,45434,10.40,中性,36693,2.71,BP,72166,flat,觀望,45500,盤中,45000,盤中,"買權陣地下移 500 點（偏空）；支撐上移 1,000 點（偏多）"
2026-08-26 04:47:49,1787690869,夜盤,週五結算,20260828,08/25 04:42:01,Y,45434,1.22,中性,1065,0.20,中性,514,flat,觀望,46000,盤中,44000,盤中,
2026-08-26 04:47:49,1787690869,夜盤,下週三結算,20260902,08/25 04:43:01,Y,45434,,不判定,0,,不判定,0,flat,觀望,46200,昨日OI,45000,昨日OI,
2026-08-26 05:33:15,1787693595,非交易,週三結算,20260826,08/25 04:59:58,Y,45437,4.34,中性,36953,3.42,BP,72583,flat,觀望,45500,盤中,45000,盤中,"買權陣地下移 500 點（偏空）；支撐上移 1,000 點（偏多）"
2026-08-26 05:33:15,1787693595,非交易,週五結算,20260828,08/25 04:57:57,Y,45437,-3.68,SC,1066,0.20,中性,514,flat,觀望,46000,盤中,44000,盤中,
2026-08-26 05:33:15,1787693595,非交易,下週三結算,20260902,08/25 04:43:01,Y,45437,,不判定,0,,不判定,0,flat,觀望,46200,昨日OI,45000,昨日OI,
2026-08-26 06:01:22,1787695282,非交易,週三結算,20260826,08/25 04:59:58,Y,45437,4.34,中性,36953,3.42,BP,72583,flat,觀望,45500,盤中,45000,盤中,"買權陣地下移 500 點（偏空）；支撐上移 1,000 點（偏多）"
2026-08-26 06:01:22,1787695282,非交易,週五結算,20260828,08/25 04:57:57,Y,45437,-3.68,SC,1066,0.20,中性,514,flat,觀望,46000,盤中,44000,盤中,
2026-08-26 06:01:22,1787695282,非交易,下週三結算,20260902,08/25 04:43:01,Y,45437,,不判定,0,,不判定,0,flat,觀望,46200,昨日OI,45000,昨日OI,
2026-08-26 08:56:08,1787705768,日盤,週三結算,20260826,08:56:04,,45016,6.59,中性,10904,11.81,BP,7987,flat,觀望,45500,盤中,44800,盤中,買權陣地下移 500 點（偏空）；支撐上移 800 點（偏多）
2026-08-26 08:56:08,1787705768,日盤,週五結算,20260828,08:56:03,,45016,,不判定,0,,不判定,0,flat,觀望,45300,昨日OI,44000,昨日OI,
2026-08-26 08:56:08,1787705768,日盤,下週三結算,20260902,08:55:51,,45016,,不判定,0,,不判定,0,flat,觀望,46200,昨日OI,45000,昨日OI,
2026-08-26 10:22:11,1787710931,日盤,週三結算,20260826,10:22:05,,45508,12.34,中性,20166,2.41,BP,88420,flat,觀望,45600,盤中,45000,盤中,買權陣地下移 400 點（偏空）；支撐上移 500 點（偏多）
2026-08-26 10:22:11,1787710931,日盤,週五結算,20260828,10:22:04,,45508,-1.14,中性,1462,-0.60,中性,902,flat,觀望,46000,盤中,44500,盤中,
2026-08-26 10:22:11,1787710931,日盤,下週三結算,20260902,10:21:37,,45508,,不判定,0,,不判定,0,flat,觀望,46200,昨日OI,45000,昨日OI,
2026-08-26 11:31:58,1787715118,日盤,週三結算,20260826,11:31:54,,45849,11.84,中性,22922,1.01,中性,160429,flat,觀望,46000,盤中,45000,盤中,支撐上移 500 點（偏多）
2026-08-26 11:31:58,1787715118,日盤,週五結算,20260828,11:31:52,,45849,-7.87,中性,3517,-1.91,中性,2513,flat,觀望,46000,盤中,44500,盤中,
2026-08-26 11:31:58,1787715118,日盤,下週三結算,20260902,11:31:45,,45849,,不判定,0,,不判定,0,flat,觀望,46200,昨日OI,45000,昨日OI,
2026-08-26 12:11:39,1787717499,日盤,週三結算,20260826,12:11:34,,45910,13.82,BC,20495,0.69,中性,187663,flat,觀望,46000,盤中,45000,盤中,支撐上移 500 點（偏多）
2026-08-26 12:11:39,1787717499,日盤,週五結算,20260828,12:11:32,,45910,-3.35,中性,4219,-1.15,中性,3148,flat,觀望,46000,盤中,45000,盤中,支撐上移 500 點（偏多）
2026-08-26 12:11:39,1787717499,日盤,下週三結算,20260902,12:11:03,,45910,,不判定,0,,不判定,0,flat,觀望,46200,昨日OI,44800,盤中,支撐下移 200 點（偏空）
2026-08-26 12:54:14,1787720054,日盤,週三結算,20260826,12:54:09,,45895,15.53,BC,37616,0.30,中性,206915,flat,觀望,45900,盤中,45000,盤中,支撐上移 500 點（偏多）
2026-08-26 12:54:14,1787720054,日盤,週五結算,20260828,12:54:08,,45895,-0.13,中性,5071,-1.69,中性,4774,flat,觀望,46000,盤中,45000,盤中,支撐上移 500 點（偏多）
2026-08-26 12:54:14,1787720054,日盤,下週三結算,20260902,12:53:59,,45895,,不判定,0,,不判定,0,flat,觀望,46200,昨日OI,44800,盤中,支撐下移 200 點（偏空）
2026-08-26 13:28:17,1787722097,日盤,週三結算,20260826,13:28:13,,45853,-0.30,中性,43725,0.01,中性,217024,flat,觀望,45900,盤中,45800,盤中,"支撐上移 1,300 點（偏多）"
2026-08-26 13:28:17,1787722097,日盤,週五結算,20260828,13:28:12,,45853,-7.82,中性,6236,-1.00,中性,6809,flat,觀望,46000,盤中,45000,盤中,支撐上移 500 點（偏多）
2026-08-26 13:28:17,1787722097,日盤,下週三結算,20260902,13:28:13,,45853,,不判定,0,,不判定,0,flat,觀望,47000,盤中,44800,盤中,買權陣地上移 800 點（偏多）；支撐下移 200 點（偏空）
2026-08-26 13:58:53,1787723933,非交易,週三結算,20260826,13:29:56,,46011,,不判定,0,0.25,中性,219184,flat,觀望,46100,盤中,45800,盤中,買權陣地下移 400 點（偏空）；支撐上移 800 點（偏多）
2026-08-26 13:58:53,1787723933,非交易,週五結算,20260828,13:44:59,,46011,-17.90,SC,7448,0.08,中性,7543,flat,觀望,46500,盤中,45000,盤中,買權陣地上移 400 點（偏多）
2026-08-26 13:58:53,1787723933,非交易,下週三結算,20260902,13:44:52,,46011,,不判定,0,0.96,中性,711,flat,觀望,47000,盤中,44800,盤中,買權陣地上移 800 點（偏多）；支撐下移 200 點（偏空）
2026-08-26 15:51:00,1787730660,夜盤,週三結算,20260902,15:50:24,,45980,,不判定,0,,不判定,0,flat,觀望,47000,昨日OI,44800,昨日OI,
2026-08-26 15:51:00,1787730660,夜盤,週五結算,20260828,15:50:53,,45980,-0.37,中性,3011,-0.78,中性,3767,flat,觀望,46000,盤中,44600,盤中,
2026-08-26 15:51:00,1787730660,夜盤,下週三結算,20260909,15:43:00,,45980,,不判定,0,,不判定,0,flat,觀望,46700,昨日OI,45200,昨日OI,
2026-08-26 16:50:31,1787734231,夜盤,週三結算,20260902,16:50:16,,46117,,不判定,0,,不判定,0,flat,觀望,47000,昨日OI,44800,昨日OI,
2026-08-26 16:50:31,1787734231,夜盤,週五結算,20260828,16:50:27,,46117,12.22,BC,7107,-2.47,SP,7424,bull,偏多,47000,盤中,45000,盤中,買權陣地下移 500 點（偏空）
2026-08-26 16:50:31,1787734231,夜盤,下週三結算,20260909,16:38:33,,46117,,不判定,0,,不判定,0,flat,觀望,47500,昨日OI,45200,昨日OI,
2026-08-26 17:47:53,1787737673,夜盤,週三結算,20260902,17:47:33,,46076,,不判定,0,,不判定,0,flat,觀望,47000,昨日OI,44800,昨日OI,
2026-08-26 17:47:53,1787737673,夜盤,週五結算,20260828,17:47:42,,46076,6.31,BC,9896,-2.08,中性,10150,flat,觀望,47000,盤中,45000,盤中,買權陣地下移 500 點（偏空）
2026-08-26 17:47:53,1787737673,夜盤,下週三結算,20260909,17:35:34,,46076,,不判定,0,,不判定,0,flat,觀望,47500,昨日OI,45200,昨日OI,
2026-08-26 18:39:17,1787740757,夜盤,週三結算,20260902,18:38:58,,46073,,不判定,0,,不判定,0,flat,觀望,47000,昨日OI,44800,昨日OI,
2026-08-26 18:39:17,1787740757,夜盤,週五結算,20260828,18:39:06,,46073,4.80,BC,11077,0.01,中性,11710,flat,觀望,47000,盤中,45000,盤中,買權陣地下移 500 點（偏空）
2026-08-26 18:39:17,1787740757,夜盤,下週三結算,20260909,18:17:13,,46073,,不判定,0,,不判定,0,flat,觀望,47500,昨日OI,45200,昨日OI,
2026-08-26 19:13:04,1787742784,夜盤,週三結算,20260902,19:12:09,,46077,,不判定,0,,不判定,0,flat,觀望,47000,昨日OI,44800,昨日OI,
2026-08-26 19:13:04,1787742784,夜盤,週五結算,20260828,19:13:01,,46077,4.75,BC,11785,-0.17,中性,12405,flat,觀望,47000,盤中,45000,盤中,買權陣地下移 500 點（偏空）
2026-08-26 19:13:04,1787742784,夜盤,下週三結算,20260909,19:12:37,,46077,,不判定,0,,不判定,0,flat,觀望,47500,昨日OI,45200,昨日OI,
2026-08-26 19:47:40,1787744860,夜盤,週三結算,20260902,19:45:29,,46025,,不判定,0,,不判定,0,flat,觀望,47000,昨日OI,44800,昨日OI,
2026-08-26 19:47:40,1787744860,夜盤,週五結算,20260828,19:47:33,,46025,4.03,BC,13065,-0.47,中性,13337,flat,觀望,47000,盤中,45000,盤中,買權陣地下移 500 點（偏空）
2026-08-26 19:47:40,1787744860,夜盤,下週三結算,20260909,19:38:15,,46025,,不判定,0,,不判定,0,flat,觀望,47500,昨日OI,45200,昨日OI,
2026-08-26 21:00:36,1787749236,夜盤,週三結算,20260902,20:59:48,,45898,,不判定,0,,不判定,0,flat,觀望,47000,昨日OI,44800,昨日OI,
2026-08-26 21:00:36,1787749236,夜盤,週五結算,20260828,21:00:30,,45898,0.71,中性,18110,-1.65,中性,17287,flat,觀望,46000,盤中,45000,盤中,支撐上移 500 點（偏多）
2026-08-26 21:00:36,1787749236,夜盤,下週三結算,20260909,20:56:01,,45898,,不判定,0,,不判定,0,flat,觀望,46700,昨日OI,45200,昨日OI,
2026-08-26 21:59:33,1787752773,夜盤,週三結算,20260902,21:59:24,,46005,,不判定,0,,不判定,0,flat,觀望,47000,昨日OI,44800,昨日OI,
2026-08-26 21:59:33,1787752773,夜盤,週五結算,20260828,21:59:29,,46005,2.39,中性,20673,0.82,中性,21721,flat,觀望,47000,盤中,45000,盤中,買權陣地下移 500 點（偏空）
2026-08-26 21:59:33,1787752773,夜盤,下週三結算,20260909,21:53:09,,46005,,不判定,0,,不判定,0,flat,觀望,47500,昨日OI,45200,昨日OI,
2026-08-26 22:53:04,1787755984,夜盤,週三結算,20260902,22:52:27,,45870,,不判定,0,,不判定,0,flat,觀望,47000,昨日OI,44800,昨日OI,
2026-08-26 22:53:04,1787755984,夜盤,週五結算,20260828,22:52:58,,45870,-0.35,中性,26337,-1.63,中性,25825,flat,觀望,46000,盤中,45000,盤中,支撐上移 500 點（偏多）
2026-08-26 22:53:04,1787755984,夜盤,下週三結算,20260909,22:46:13,,45870,,不判定,0,,不判定,0,flat,觀望,46700,昨日OI,45200,昨日OI,
2026-08-27 00:21:38,1787761298,夜盤,週三結算,20260902,08/26 00:15:28,Y,45813,,不判定,0,,不判定,0,flat,觀望,47000,盤中,44800,昨日OI,
2026-08-27 00:21:38,1787761298,夜盤,週五結算,20260828,08/26 00:21:32,Y,45813,0.63,中性,30365,-1.74,中性,27649,flat,觀望,46000,盤中,45000,盤中,支撐上移 500 點（偏多）
2026-08-27 00:21:38,1787761298,夜盤,下週三結算,20260909,08/26 23:40:47,Y,45813,,不判定,0,,不判定,0,flat,觀望,46700,昨日OI,45200,昨日OI,
2026-08-27 02:18:42,1787768322,夜盤,週三結算,20260902,08/26 02:10:44,Y,45890,,不判定,0,,不判定,0,flat,觀望,47000,盤中,44800,昨日OI,
2026-08-27 02:18:42,1787768322,夜盤,週五結算,20260828,08/26 02:18:01,Y,45890,-0.67,中性,31460,-4.65,SP,30740,flat,觀望,46000,盤中,45000,盤中,支撐上移 500 點（偏多）
2026-08-27 02:18:42,1787768322,夜盤,下週三結算,20260909,08/26 23:40:47,Y,45890,,不判定,0,,不判定,0,flat,觀望,46700,昨日OI,45200,昨日OI,
2026-08-27 04:40:06,1787776806,夜盤,週三結算,20260902,08/26 04:38:32,Y,45892,,不判定,0,,不判定,0,flat,觀望,47000,盤中,44800,昨日OI,
2026-08-27 04:40:06,1787776806,夜盤,週五結算,20260828,08/26 04:39:52,Y,45892,-0.26,中性,32219,-3.11,SP,31297,flat,觀望,46000,盤中,45000,盤中,支撐上移 500 點（偏多）
2026-08-27 04:40:06,1787776806,夜盤,下週三結算,20260909,08/26 23:40:47,Y,45892,,不判定,0,,不判定,0,flat,觀望,46700,昨日OI,45200,昨日OI,
2026-08-27 08:16:17,1787789777,非交易,週三結算,20260902,08/26 04:59:38,Y,45993,,不判定,0,,不判定,0,flat,觀望,47000,盤中,44800,昨日OI,
2026-08-27 08:16:17,1787789777,非交易,週五結算,20260828,08/26 04:59:59,Y,45993,1.29,中性,31480,-1.09,中性,31702,flat,觀望,46000,盤中,45000,盤中,支撐上移 500 點（偏多）
2026-08-27 08:16:17,1787789777,非交易,下週三結算,20260909,08/26 23:40:47,Y,45993,,不判定,0,,不判定,0,flat,觀望,46700,昨日OI,45200,昨日OI,
2026-08-27 14:41:46,1787812906,非交易,週三結算,20260902,13:44:58,,46078,-0.23,中性,1733,0.13,中性,1294,flat,觀望,47000,盤中,45000,盤中,買權陣地上移 200 點（偏多）
2026-08-27 14:41:46,1787812906,非交易,週五結算,20260828,13:44:59,,46078,5.06,BC,95445,4.62,BP,105418,vol,待變盤,46500,盤中,46000,盤中,"買權陣地下移 500 點（偏空）；支撐上移 1,000 點（偏多）"
2026-08-27 14:41:46,1787812906,非交易,下週三結算,20260909,13:41:41,,46078,,不判定,0,,不判定,0,flat,觀望,46150,昨日OI,44700,昨日OI,
2026-08-27 22:25:00,1787840700,夜盤,週三結算,20260902,22:24:54,,46231,0.49,中性,733,,不判定,0,flat,觀望,47000,盤中,45000,盤中,買權陣地上移 200 點（偏多）
2026-08-27 22:25:00,1787840700,夜盤,週五結算,20260828,22:24:56,,46231,0.70,中性,33824,2.66,中性,37561,flat,觀望,46500,盤中,46000,盤中,"買權陣地下移 500 點（偏空）；支撐上移 1,000 點（偏多）"
2026-08-27 22:25:00,1787840700,夜盤,下週三結算,20260909,22:21:02,,46231,,不判定,0,,不判定,0,flat,觀望,47500,昨日OI,45000,昨日OI,
2026-08-28 02:10:03,1787854203,夜盤,週三結算,20260902,08/27 02:09:58,Y,46326,-6.99,中性,1196,0.68,中性,745,flat,觀望,47000,盤中,45600,盤中,買權陣地上移 200 點（偏多）；支撐上移 600 點（偏多）
2026-08-28 02:10:03,1787854203,夜盤,週五結算,20260828,08/27 02:09:53,Y,46326,6.13,中性,44725,4.10,BP,60667,flat,觀望,46500,盤中,46000,盤中,"買權陣地下移 500 點（偏空）；支撐上移 1,000 點（偏多）"
2026-08-28 02:10:03,1787854203,夜盤,下週三結算,20260909,08/27 01:52:13,Y,46326,,不判定,0,,不判定,0,flat,觀望,47800,昨日OI,45000,昨日OI,
2026-08-28 10:11:30,1787883090,日盤,週三結算,20260902,10:11:19,,46310,-1.71,中性,1602,1.24,中性,1007,flat,觀望,47500,盤中,45000,盤中,買權陣地上移 700 點（偏多）
2026-08-28 10:11:30,1787883090,日盤,週五結算,20260828,10:11:25,,46310,8.56,BC,51862,4.56,BP,54313,vol,待變盤,46500,盤中,46000,盤中,"買權陣地下移 500 點（偏空）；支撐上移 1,000 點（偏多）"
2026-08-28 10:11:30,1787883090,日盤,下週三結算,20260909,10:10:10,,46310,,不判定,0,,不判定,0,flat,觀望,47800,昨日OI,45000,昨日OI,
2026-08-28 16:31:55,1787905915,夜盤,週三結算,20260902,16:31:49,,46463,10.90,BC,5348,0.17,中性,6919,flat,觀望,47500,盤中,45000,盤中,
2026-08-28 16:31:55,1787905915,夜盤,週五結算,20260904,16:28:34,,46463,,不判定,0,,不判定,0,flat,觀望,47500,昨日OI,45800,昨日OI,
2026-08-28 16:31:55,1787905915,夜盤,下週三結算,20260909,16:16:46,,46463,,不判定,0,,不判定,0,flat,觀望,47500,昨日OI,45000,昨日OI,
2026-08-29 03:20:10,1787944810,夜盤,週三結算,20260902,08/28 03:20:04,Y,45900,2.56,BC,32510,2.05,中性,26502,flat,觀望,47000,盤中,45000,盤中,買權陣地下移 400 點（偏空）
2026-08-29 03:20:10,1787944810,夜盤,週五結算,20260904,08/28 03:13:14,Y,45900,,不判定,0,,不判定,0,flat,觀望,46000,昨日OI,45800,昨日OI,
2026-08-29 03:20:10,1787944810,夜盤,下週三結算,20260909,08/28 02:47:53,Y,45900,,不判定,0,,不判定,0,flat,觀望,46150,昨日OI,45000,昨日OI,
2026-08-29 10:23:47,1787970227,日盤,週三結算,20260902,08/28 13:44:59,Y,46357,-8.69,中性,9154,-1.87,中性,7672,flat,觀望,47400,盤中,45000,盤中,
2026-08-29 10:23:47,1787970227,日盤,週五結算,20260904,08/28 13:44:58,Y,46357,,不判定,0,,不判定,0,flat,觀望,47500,昨日OI,45800,昨日OI,
2026-08-29 10:23:47,1787970227,日盤,下週三結算,20260909,08/28 13:43:49,Y,46357,,不判定,0,,不判定,0,flat,觀望,47500,昨日OI,45000,昨日OI,
2026-08-31 10:57:44,1788145064,日盤,週三結算,20260902,10:57:40,,45622,1.19,中性,38257,0.94,中性,47903,flat,觀望,46000,盤中,45000,盤中,"買權陣地下移 1,000 點（偏空）"
2026-08-31 10:57:44,1788145064,日盤,週五結算,20260904,10:57:13,,45622,,不判定,0,,不判定,0,flat,觀望,47000,盤中,44800,昨日OI,"買權陣地上移 1,200 點（偏多）"
2026-08-31 10:57:44,1788145064,日盤,下週三結算,20260909,10:57:14,,45622,,不判定,0,,不判定,0,flat,觀望,46150,昨日OI,45000,昨日OI,
2026-08-31 17:15:11,1788167711,夜盤,週三結算,20260902,17:15:06,,46049,-1.01,中性,6357,0.66,中性,6912,flat,觀望,46500,盤中,45000,盤中,買權陣地下移 500 點（偏空）
2026-08-31 17:15:11,1788167711,夜盤,週五結算,20260904,17:14:54,,46049,,不判定,0,,不判定,0,flat,觀望,46900,昨日OI,45800,昨日OI,
2026-08-31 17:15:11,1788167711,夜盤,下週三結算,20260909,17:14:26,,46049,,不判定,0,,不判定,0,flat,觀望,47000,昨日OI,44700,昨日OI,
2026-08-31 22:57:41,1788188261,夜盤,週三結算,20260902,22:57:33,,46129,-0.65,中性,20508,0.41,中性,27366,flat,觀望,46500,盤中,46000,盤中,"買權陣地下移 500 點（偏空）；支撐上移 1,000 點（偏多）"
2026-08-31 22:57:41,1788188261,夜盤,週五結算,20260904,22:57:35,,46129,,不判定,0,,不判定,0,flat,觀望,46850,盤中,45800,昨日OI,
2026-08-31 22:57:41,1788188261,夜盤,下週三結算,20260909,22:57:00,,46129,,不判定,0,,不判定,0,flat,觀望,47000,昨日OI,44700,昨日OI,
2026-09-01 04:44:00,1788209040,夜盤,週三結算,20260902,08/31 04:43:56,Y,45965,0.95,中性,36448,1.06,中性,33884,flat,觀望,46500,盤中,45000,盤中,買權陣地下移 500 點（偏空）
2026-09-01 04:44:00,1788209040,夜盤,週五結算,20260904,08/31 04:43:02,Y,45965,,不判定,0,,不判定,0,flat,觀望,46800,盤中,45800,昨日OI,
2026-09-01 04:44:00,1788209040,夜盤,下週三結算,20260909,08/31 03:55:23,Y,45965,,不判定,0,,不判定,0,flat,觀望,47000,昨日OI,44700,昨日OI,
2026-09-01 08:06:37,1788221197,非交易,週三結算,20260902,08/31 04:59:58,Y,45978,1.39,中性,36680,0.05,中性,34122,flat,觀望,46500,盤中,45000,盤中,買權陣地下移 500 點（偏空）
2026-09-01 08:06:37,1788221197,非交易,週五結算,20260904,08/31 04:59:03,Y,45978,,不判定,0,,不判定,0,flat,觀望,46800,盤中,45800,昨日OI,
2026-09-01 08:06:37,1788221197,非交易,下週三結算,20260909,08/31 03:55:23,Y,45978,,不判定,0,,不判定,0,flat,觀望,47000,昨日OI,44700,昨日OI,
2026-09-01 11:05:02,1788231902,日盤,週三結算,20260902,11:04:58,,46988,-55.62,SC,32467,1.53,中性,65993,flat,觀望,47000,盤中,46000,盤中,支撐上移 500 點（偏多）
2026-09-01 11:05:02,1788231902,日盤,週五結算,20260904,11:04:58,,46988,-3.61,中性,962,,不判定,496,flat,觀望,47900,盤中,46000,盤中,買權陣地上移 900 點（偏多）；支撐上移 200 點（偏多）
2026-09-01 11:05:02,1788231902,日盤,下週三結算,20260909,11:04:41,,46988,,不判定,0,,不判定,0,flat,觀望,47800,昨日OI,45500,昨日OI,
2026-09-01 16:36:27,1788251787,夜盤,週三結算,20260902,16:36:22,,46891,-3.22,SC,24018,-13.78,SP,16156,range,區間盤,47500,盤中,46500,盤中,買權陣地下移 500 點（偏空）；支撐上移 500 點（偏多）
2026-09-01 16:36:27,1788251787,夜盤,週五結算,20260904,16:36:22,,46891,,不判定,486,,不判定,0,flat,觀望,47400,盤中,46000,昨日OI,買權陣地下移 600 點（偏空）
2026-09-01 16:36:27,1788251787,夜盤,下週三結算,20260909,16:35:59,,46891,,不判定,0,,不判定,0,flat,觀望,47800,昨日OI,46000,昨日OI,
2026-09-01 20:28:19,1788265699,夜盤,週三結算,20260902,20:28:08,,46776,1.10,中性,53828,-4.26,中性,44980,flat,觀望,47000,盤中,46500,盤中,"買權陣地下移 1,000 點（偏空）；支撐上移 500 點（偏多）"
2026-09-01 20:28:19,1788265699,夜盤,週五結算,20260904,20:28:02,,46776,0.15,中性,1326,,不判定,0,flat,觀望,48000,盤中,46000,盤中,
2026-09-01 20:28:19,1788265699,夜盤,下週三結算,20260909,20:22:44,,46776,,不判定,0,,不判定,0,flat,觀望,47800,昨日OI,46000,昨日OI,
2026-09-02 00:51:26,1788281486,夜盤,週三結算,20260902,09/01 00:51:21,Y,46770,6.00,BC,88244,-8.55,SP,76188,bull,偏多,47000,盤中,46500,盤中,"買權陣地下移 1,000 點（偏空）；支撐上移 500 點（偏多）"
2026-09-02 00:51:26,1788281486,夜盤,週五結算,20260904,09/01 00:45:21,Y,46770,-1.13,中性,2394,6.46,BP,835,flat,觀望,48000,盤中,46000,盤中,
2026-09-02 00:51:26,1788281486,夜盤,下週三結算,20260909,09/01 00:34:49,Y,46770,,不判定,0,,不判定,0,flat,觀望,47800,昨日OI,46000,昨日OI,
2026-09-02 03:47:47,1788292067,夜盤,週三結算,20260902,09/01 03:47:40,Y,46635,3.48,BC,106339,-1.90,中性,72232,flat,觀望,47000,盤中,46500,盤中,"買權陣地下移 1,000 點（偏空）；支撐上移 500 點（偏多）"
2026-09-02 03:47:47,1788292067,夜盤,週五結算,20260904,09/01 03:47:07,Y,46635,-5.10,SC,2509,-0.23,中性,820,flat,觀望,48000,盤中,46000,盤中,
2026-09-02 03:47:47,1788292067,夜盤,下週三結算,20260909,09/01 02:55:53,Y,46635,,不判定,0,,不判定,0,flat,觀望,47800,昨日OI,46000,昨日OI,
2026-09-02 06:29:36,1788301776,非交易,週三結算,20260902,09/01 04:59:56,Y,46679,3.51,BC,107350,3.50,中性,75953,flat,觀望,47000,盤中,46500,盤中,"買權陣地下移 1,000 點（偏空）；支撐上移 500 點（偏多）"
2026-09-02 06:29:36,1788301776,非交易,週五結算,20260904,09/01 04:56:38,Y,46679,-4.48,SC,2516,-0.82,中性,821,flat,觀望,48000,盤中,46000,盤中,
2026-09-02 06:29:36,1788301776,非交易,下週三結算,20260909,09/01 04:20:45,Y,46679,,不判定,0,,不判定,0,flat,觀望,47800,昨日OI,46000,昨日OI,
2026-09-02 10:25:24,1788315924,日盤,週三結算,20260902,10:25:17,,46322,2.56,BC,93292,33.13,中性,40361,flat,觀望,46700,盤中,46000,盤中,買權陣地下移 300 點（偏空）
2026-09-02 10:25:24,1788315924,日盤,週五結算,20260904,10:25:09,,46322,0.82,中性,2960,-13.93,中性,1238,flat,觀望,47000,盤中,45500,盤中,買權陣地下移 400 點（偏空）；支撐上移 500 點（偏多）
2026-09-02 10:25:24,1788315924,日盤,下週三結算,20260909,10:24:49,,46322,,不判定,0,,不判定,0,flat,觀望,47800,昨日OI,46000,昨日OI,
2026-09-02 15:14:16,1788333256,夜盤,週三結算,20260909,15:13:40,,46242,,不判定,0,,不判定,0,flat,觀望,47500,昨日OI,46000,昨日OI,
2026-09-02 15:14:16,1788333256,夜盤,週五結算,20260904,15:14:11,,46242,-0.40,中性,1036,0.88,中性,1007,flat,觀望,47000,盤中,45000,盤中,買權陣地下移 500 點（偏空）
2026-09-02 15:14:16,1788333256,夜盤,下週三結算,20260916,15:14:01,,46242,,不判定,0,,不判定,0,flat,觀望,46500,昨日OI,45000,昨日OI,
2026-09-02 20:01:11,1788350471,夜盤,週三結算,20260909,20:00:58,,46040,,不判定,0,,不判定,0,flat,觀望,47400,盤中,46000,昨日OI,
2026-09-02 20:01:11,1788350471,夜盤,週五結算,20260904,20:01:06,,46040,-3.79,中性,33495,-0.65,中性,26473,flat,觀望,47500,盤中,45000,盤中,
2026-09-02 20:01:11,1788350471,夜盤,下週三結算,20260916,20:00:39,,46040,,不判定,0,,不判定,0,flat,觀望,47000,盤中,45000,昨日OI,買權陣地上移 500 點（偏多）
2026-09-03 00:29:14,1788366554,夜盤,週三結算,20260909,09/02 00:28:58,Y,46272,-0.89,中性,516,,不判定,0,flat,觀望,47500,盤中,46000,盤中,
2026-09-03 00:29:14,1788366554,夜盤,週五結算,20260904,09/02 00:29:10,Y,46272,1.29,中性,49025,-0.77,中性,51973,flat,觀望,47500,盤中,45000,盤中,
2026-09-03 00:29:14,1788366554,夜盤,下週三結算,20260916,09/02 00:27:13,Y,46272,-1.21,中性,757,0.06,中性,637,flat,觀望,47000,盤中,46000,盤中,"買權陣地上移 500 點（偏多）；支撐上移 1,000 點（偏多）"
2026-09-03 03:28:19,1788377299,夜盤,週三結算,20260909,09/02 03:24:10,Y,46350,4.26,BC,584,,不判定,0,flat,觀望,47500,盤中,46000,盤中,買權陣地下移 300 點（偏空）
2026-09-03 03:28:19,1788377299,夜盤,週五結算,20260904,09/02 03:28:12,Y,46350,1.05,中性,47704,-0.68,中性,54017,flat,觀望,47500,盤中,45000,盤中,
2026-09-03 03:28:19,1788377299,夜盤,下週三結算,20260916,09/02 03:24:04,Y,46350,2.14,BC,768,-1.48,中性,648,flat,觀望,47000,盤中,46000,盤中,"買權陣地上移 500 點（偏多）；支撐上移 1,000 點（偏多）"
2026-09-03 05:56:25,1788386185,非交易,週三結算,20260909,09/02 04:56:38,Y,46336,4.86,BC,585,,不判定,0,flat,觀望,47500,盤中,46000,盤中,買權陣地下移 300 點（偏空）
2026-09-03 05:56:25,1788386185,非交易,週五結算,20260904,09/02 04:59:59,Y,46336,2.44,中性,48340,0.79,中性,54615,flat,觀望,47500,盤中,45000,盤中,
2026-09-03 05:56:25,1788386185,非交易,下週三結算,20260916,09/02 04:53:34,Y,46336,2.25,BC,770,-1.50,中性,649,flat,觀望,47000,盤中,46000,盤中,"買權陣地上移 500 點（偏多）；支撐上移 1,000 點（偏多）"
2026-09-03 10:31:50,1788402710,日盤,週三結算,20260909,10:31:40,,46215,,不判定,0,,不判定,0,flat,觀望,47500,盤中,45000,盤中,"支撐下移 1,000 點（偏空）"
2026-09-03 10:31:50,1788402710,日盤,週五結算,20260904,10:31:43,,46215,3.61,中性,34196,4.78,BP,39817,flat,觀望,46500,盤中,46000,盤中,"買權陣地下移 1,000 點（偏空）；支撐上移 1,000 點（偏多）"
2026-09-03 10:31:50,1788402710,日盤,下週三結算,20260916,10:31:37,,46215,,不判定,0,,不判定,0,flat,觀望,46500,盤中,46000,盤中,"支撐上移 1,000 點（偏多）"
2026-09-03 15:20:32,1788420032,夜盤,週三結算,20260909,15:20:27,,45937,,不判定,0,,不判定,0,flat,觀望,47000,昨日OI,45000,昨日OI,
2026-09-03 15:20:32,1788420032,夜盤,週五結算,20260904,15:20:27,,45937,0.91,中性,3204,-0.64,中性,3919,flat,觀望,46000,盤中,45000,盤中,"買權陣地下移 1,000 點（偏空）"
2026-09-03 15:20:32,1788420032,夜盤,下週三結算,20260916,15:20:09,,45937,,不判定,0,,不判定,0,flat,觀望,47000,昨日OI,45000,昨日OI,
2026-09-03 20:00:30,1788436830,夜盤,週三結算,20260909,20:00:08,,45818,,不判定,393,,不判定,0,flat,觀望,47000,盤中,45000,盤中,
2026-09-03 20:00:30,1788436830,夜盤,週五結算,20260904,20:00:23,,45818,0.88,中性,32082,1.30,中性,35616,flat,觀望,46000,盤中,45500,盤中,"買權陣地下移 1,000 點（偏空）；支撐上移 500 點（偏多）"
2026-09-03 20:00:30,1788436830,夜盤,下週三結算,20260916,20:00:21,,45818,,不判定,0,,不判定,0,flat,觀望,47000,昨日OI,45000,昨日OI,
2026-09-04 00:19:19,1788452359,夜盤,週三結算,20260909,09/03 00:19:12,Y,46344,3.03,中性,1387,-0.28,中性,894,flat,觀望,47000,盤中,45500,盤中,買權陣地下移 800 點（偏空）；支撐上移 500 點（偏多）
2026-09-04 00:19:19,1788452359,夜盤,週五結算,20260904,09/03 00:19:16,Y,46344,4.36,中性,34529,1.39,中性,106183,flat,觀望,46500,盤中,45500,盤中,"買權陣地下移 1,000 點（偏空）；支撐上移 500 點（偏多）"
2026-09-04 00:19:19,1788452359,夜盤,下週三結算,20260916,09/03 00:19:13,Y,46344,,不判定,0,,不判定,0,flat,觀望,46500,盤中,45000,昨日OI,買權陣地下移 500 點（偏空）
2026-09-04 03:23:01,1788463381,夜盤,週三結算,20260909,09/03 03:21:40,Y,46473,6.94,中性,1640,-0.05,中性,1024,flat,觀望,47000,盤中,45500,盤中,買權陣地下移 800 點（偏空）；支撐上移 500 點（偏多）
2026-09-04 03:23:01,1788463381,夜盤,週五結算,20260904,09/03 03:22:51,Y,46473,6.16,中性,31335,0.77,中性,118409,flat,觀望,46500,盤中,46000,盤中,"買權陣地下移 1,000 點（偏空）；支撐上移 1,000 點（偏多）"
2026-09-04 03:23:01,1788463381,夜盤,下週三結算,20260916,09/03 03:18:43,Y,46473,,不判定,0,,不判定,0,flat,觀望,46500,盤中,46000,盤中,"買權陣地下移 500 點（偏空）；支撐上移 1,000 點（偏多）"
2026-09-04 05:50:50,1788472250,非交易,週三結算,20260909,09/03 04:59:41,Y,46487,2.25,中性,1666,0.32,中性,1035,flat,觀望,47000,盤中,45500,盤中,買權陣地下移 800 點（偏空）；支撐上移 500 點（偏多）
2026-09-04 05:50:50,1788472250,非交易,週五結算,20260904,09/03 04:59:54,Y,46487,-1.28,中性,32519,1.05,中性,121713,flat,觀望,46500,盤中,46000,盤中,"買權陣地下移 1,000 點（偏空）；支撐上移 1,000 點（偏多）"
2026-09-04 05:50:50,1788472250,非交易,下週三結算,20260916,09/03 04:55:41,Y,46487,,不判定,0,,不判定,0,flat,觀望,46500,盤中,46000,盤中,"買權陣地下移 500 點（偏空）；支撐上移 1,000 點（偏多）"
2026-09-04 10:28:04,1788488884,日盤,週三結算,20260909,10:27:54,,46219,-2.96,SC,2051,-2.45,中性,1212,flat,觀望,47000,盤中,45000,盤中,買權陣地下移 500 點（偏空）
2026-09-04 10:28:04,1788488884,日盤,週五結算,20260904,10:27:59,,46219,11.27,BC,62235,4.84,BP,60848,vol,待變盤,46400,盤中,46000,盤中,"買權陣地下移 1,100 點（偏空）；支撐上移 1,000 點（偏多）"
2026-09-04 10:28:04,1788488884,日盤,下週三結算,20260916,10:27:58,,46219,,不判定,0,,不判定,0,flat,觀望,46500,盤中,45000,昨日OI,買權陣地下移 500 點（偏空）
2026-09-04 15:20:58,1788506458,夜盤,週三結算,20260909,15:20:52,,46721,0.47,中性,1071,0.67,中性,1502,flat,觀望,47000,盤中,46000,盤中,
2026-09-04 15:20:58,1788506458,夜盤,週五結算,20260911,15:20:42,,46721,,不判定,0,,不判定,0,flat,觀望,48000,昨日OI,45400,昨日OI,
2026-09-04 15:20:58,1788506458,夜盤,下週三結算,20260916,15:20:31,,46721,,不判定,0,,不判定,0,flat,觀望,48000,昨日OI,46000,昨日OI,
2026-09-04 20:02:31,1788523351,夜盤,週三結算,20260909,20:02:26,,46852,0.95,中性,11112,-0.07,中性,12737,flat,觀望,47500,盤中,46000,盤中,買權陣地上移 500 點（偏多）
2026-09-04 20:02:31,1788523351,夜盤,週五結算,20260911,20:01:25,,46852,,不判定,0,,不判定,0,flat,觀望,48000,昨日OI,45400,昨日OI,
2026-09-04 20:02:31,1788523351,夜盤,下週三結算,20260916,20:02:20,,46852,,不判定,0,,不判定,0,flat,觀望,48000,昨日OI,46000,昨日OI,
2026-09-05 00:23:26,1788539006,夜盤,週三結算,20260909,09/04 00:23:22,Y,47187,-0.27,中性,27910,0.26,中性,42345,flat,觀望,47500,盤中,46000,盤中,買權陣地下移 700 點（偏空）
2026-09-05 00:23:26,1788539006,夜盤,週五結算,20260911,09/04 00:21:45,Y,47187,,不判定,0,,不判定,0,flat,觀望,48000,昨日OI,45700,昨日OI,
2026-09-05 00:23:26,1788539006,夜盤,下週三結算,20260916,09/04 00:22:50,Y,47187,2.66,中性,774,-0.47,中性,596,flat,觀望,48000,盤中,46000,盤中,
2026-09-05 03:03:48,1788548628,夜盤,週三結算,20260909,09/04 03:03:44,Y,47160,1.69,中性,30265,0.25,中性,45803,flat,觀望,47500,盤中,46000,盤中,買權陣地下移 700 點（偏空）
2026-09-05 03:03:48,1788548628,夜盤,週五結算,20260911,09/04 02:54:52,Y,47160,,不判定,0,,不判定,0,flat,觀望,48000,昨日OI,45700,昨日OI,
2026-09-05 03:03:48,1788548628,夜盤,下週三結算,20260916,09/04 03:00:21,Y,47160,-0.30,中性,803,-0.31,中性,666,flat,觀望,48000,盤中,46000,盤中,
2026-09-05 05:30:42,1788557442,非交易,週三結算,20260909,09/04 04:59:53,Y,47182,-3.87,中性,30722,-0.40,中性,46760,flat,觀望,47500,盤中,46000,盤中,買權陣地下移 700 點（偏空）
2026-09-05 05:30:42,1788557442,非交易,週五結算,20260911,09/04 04:59:44,Y,47182,,不判定,0,,不判定,0,flat,觀望,48000,昨日OI,45700,昨日OI,
2026-09-05 05:30:42,1788557442,非交易,下週三結算,20260916,09/04 04:59:52,Y,47182,3.71,中性,809,0.45,中性,672,flat,觀望,48000,盤中,46000,盤中,
2026-09-05 07:13:59,1788563639,非交易,週三結算,20260909,09/04 04:59:53,Y,47182,-3.87,中性,30722,-0.40,中性,46760,flat,觀望,47500,盤中,46000,盤中,買權陣地下移 700 點（偏空）
2026-09-05 07:13:59,1788563639,非交易,週五結算,20260911,09/04 04:59:44,Y,47182,,不判定,0,,不判定,0,flat,觀望,48000,昨日OI,45700,昨日OI,
2026-09-05 07:13:59,1788563639,非交易,下週三結算,20260916,09/04 04:59:52,Y,47182,3.71,中性,809,0.45,中性,672,flat,觀望,48000,盤中,46000,盤中,
